24PC0738_010	13.311	Male
24PC0758_036	21.331	Male
24PC0759_037	16.793	Male
24PC0766_044	9.779	Male
24PC0787_022	22.585	Male
24PC0794_029	13.134	Male
24PC0809_004	13.234	Female
24PC0817_012	25.794	Male
24PC0830_026	17.254	Female
24PC0886_047	20.825	Male
24PC0895_006	15.129	Male
24PC0900_016	15.45	Female
24PC0910_026	9.761	Female
24PC0914_030	21.399	Male
24PC0922_038	16.411	Female
24PC0924_040	20.495	Female
24PC0931_045	21.47	Male
24PC0949_019	15.711	Male
24PC0990_020	16.902	Female
24PC1042_035	21.118	Male
24PC1054_047	6.926	Female
24PC1058_003	20.726	Male
24PC1062_007	18.288	Female
24PC1063_033	13.691	Male
24PC1076_027	13.761	Female
24PC1087_048	15.085	Male
24PC1103_010	17.083	Female
24PC1107_011	20.466	Male
24PC1113_017	12.517	Male
24PC1122_027	14.171	Female
24PC1126_037	13.812	Male
24PC1128_039	15.075	Female
24PC1129_040	12.431	Male
24PC1130_041	12.955	Female
24PC1131_011	13.039	Female
24PC1132_043	13.99	Male
24PC1133_044	14.684	Female
24PC1134_045	11.119	Male
24PC1136_047	11.366	Female
24PC1137_006	14.081	Male
24PC1138_007	13.836	Female
24PC1139_008	23.944	Male
24PC1141_010	25.283	Male
24PC1142_011	14.843	Female
24PC1143_012	10.61	Female
24PC1144_013	12.791	Female
24PC1145_014	27.056	Male
24PC1146_015	14.7	Female
24PC1147_016	16.365	Male
24PC1148_017	13.058	Male
24PC1149_019	20.218	Male
24PC1150_020	14.966	Female
24PC1151_021	14.492	Female
24PC1152_022	27.61	Male
24PC1153_023	15.414	Male
24PC1154_024	8.449	Male
24PC1155_025	19.764	Male
24PC1156_026	14.845	Male
24PC1157_027	10.505	Female
24PC1158_028	17.681	Female
24PC1159_029	17.574	Male
24PC1160_030	10.7	Male
24PC1161_031	14.739	Male
24PC1162_032	19.351	Female
24PC1163_033	20.808	Male
24PC1164_034	16.451	Female
24PC1165_012	19.879	Male
24PC1166_013	10.914	Female
24PC1167_014	13.024	Male
24PC1168_015	18.508	Male
24PC1169_020	15.689	Female
24PC1170_041	17.747	Male
24PC1172_043	19.328	Male
24PC1173_044	11.85	Female
24PC1174_045	14.462	Female
24PC1175_046	13.405	Female
24PC1177_048	15.16	Female
24PC1178_001	16.703	Female
24PC1179_002	21.104	Male
24PC1180_003	18.213	Male
24PC1181_004	21.117	Female
24PC1182_005	14.722	Male
24PC1183_006	17.3	Female
24PC1184_007	17.166	Female
24PC1185_008	24.564	Male
24PC1186_009	13.669	Male
24PC1187_021	17.075	Male
24PC1188_022	17.094	Male
24PC1189_023	14.099	Male
24PC1190_024	17.245	Female
24PC1191_025	20.306	Female
24PC1192_026	15.194	Female
24PC1193_027	23.631	Male
24PC1194_028	16.23	Male
24PC1195_029	13.018	Male
24PC1197_031	13.611	Male
24PC1198_032	15.716	Female
24PC1199_033	12.294	Female
24PC1200_034	10.724	Male
24PC1201_045	23.105	Male
24PC1202_036	20.164	Female
24PC1203_037	11.43	Female
24PC1204_038	18.13	Female
24PC1205_039	20.308	Female
24PC1206_040	20.87	Male
24PC1207_041	20.997	Male
24PC1208_042	13.702	Female
24PC1209_046	12.957	Male
24PC1210_047	21.547	Male
24PC1211_048	12.05	Female
24PC1212_001	15.832	Male
24PC1213_002	16.834	Female
24PC1214_003	16.494	Female
24PC1215_004	16.607	Female
24PC1216_005	12.737	Female
24PC1217_006	17.552	Male
24PC1218_007	8.135	Male
24PC1219_008	17.986	Male
24PC1220_009	9.887	Female
24PC1221_010	23.11	Male
24PC1222_011	16.994	Male
24PC1223_012	15.741	Female
24PC1225_014	11.851	Female
24PC1226_015	11.524	Female
24PC1227_016	11.233	Female
24PC1228_017	14.322	Female
24PC1229_019	15.032	Female
24PC1230_028	11.107	Male
24PC1231_029	12.475	Female
24PC1232_030	15.889	Male
24PC1233_031	13.68	Female
24PC1234_032	7.956	Male
24PC1235_033	14.716	Male
24PC1236_034	14.394	Male
24PC1237_035	11.502	Female
24PC1238_036	11.455	Male
24PC1239_037	23.193	Male
24PC1240_038	6.985	Male
24PC1241_039	11.484	Male
24PC1242_040	13.61	Male
24PC1243_043	10.434	Female
24PC1244_044	15.888	Male
24PC1245_043	20.146	Male
24PC1246_044	13.226	Female
24PC1248_048	21.028	Male
24PC1249_002	6.807	Male
24PC1250_002	14.045	Female
24PC1251_003	10.29	Female
24PC1252_004	28.095	Male
24PC1253_005	13.336	Male
24PC1254_006	25.918	Male
24PC1255_007	9.461	Male
24PC1256_008	14.562	Female
24PC1257_009	13.887	Female
24PC1258_010	14.263	Female
24PC1259_011	13.743	Male
24PC1260_012	11.14	Female
24PC1261_013	15.651	Female
24PC1262_014	33.907	Male
24PC1263_015	17.955	Female
24PC1264_016	13.077	Female
24PC1265_023	14.63	Female
24PC1266_024	21.997	Male
24PC1268_026	13.873	Male
24PC1269_044	19.206	Male
24PC1270_028	10.395	Male
24PC1271_029	16.61	Male
24PC1272_020	19.412	Male
24PC1273_031	7.432	Male
24PC1274_032	20.345	Male
24PC1275_033	21.881	Male
24PC1276_034	18.015	Male
24PC1277_035	14.438	Female
24PC1278_036	12.18	Female
24PC1279_037	15.494	Female
24PC1280_038	17.479	Female
24PC1281_039	20.316	Male
24PC1282_040	24.957	Male
24PC1283_041	16.158	Male
24PC1284_042	18.305	Female
24PC1285_043	15.496	Female
24PC1286_044	4.397	Male
24PC1287_045	12.048	Female
24PC1288_046	12.946	Female
24PC1289_047	17.338	Male
24PC1290_048	16.985	Male
24PC1291_001	9.898	Female
24PC1292_009	9.612	Female
24PC1293_010	19.848	Male
24PC1294_011	13.08	Female
24PC1295_012	16.118	Female
24PC1296_013	28.066	Male
24PC1297_014	9.265	Male
24PC1298_015	28.653	Male
24PC1299_016	11.879	Male
24PC1300_021	14.599	Female
24PC1301_019	14.203	Female
24PC1302_020	22.16	Male
24PC1303_021	23.328	Male
24PC1304_022	9.145	Female
24PC1305_023	12.88	Female
24PC1306_024	11.125	Male
24PC1307_025	10.916	Female
24PC1308_026	16.438	Female
24PC1309_027	14.281	Male
24PC1310_028	20.014	Female
24PC1311_029	6.865	Male
24PC1312_030	7.457	Female
24PC1313_031	22.506	Male
24PC1314_032	21.549	Male
24PC1315_033	13.439	Female
24PC1316_034	21.772	Male
24PC1317_035	14.966	Male
24PC1318_036	22.903	Female
24PC1319_037	22.968	Female
24PC1320_038	32.242	Male
24PC1321_039	22.234	Male
24PC1322_040	10.626	Male
24PC1323_045	13.226	Male
24PC1324_042	19.525	Male
24PC1325_046	29.045	Male
24PC1326_047	35.861	Male
24PC1327_048	18.492	Male
24PC1328_001	24.637	Male
24PC1329_002	15.887	Female
24PC1330_003	18.699	Male
24PC1331_004	27.016	Male
24PC1332_005	10.65	Male
24PC1333_006	25.883	Male
24PC1335_009	13.422	Female
24PC1336_008	18.6	Female
24PC1337_010	24.406	Male
24PC1338_011	21.136	Male
24PC1339_012	15.901	Female
24PC1340_013	10.649	Male
24PC1341_014	12.909	Female
24PC1342_015	20.194	Female
24PC1343_030	9.386	Male
24PC1345_025	13.978	Female
24PC1347_027	12.333	Female
24PC1348_028	12.518	Male
24PC1349_029	18.956	Female
24PC1350_030	22.501	Male
24PC1351_031	16.237	Male
24PC1352_032	12.221	Male
24PC1354_034	10.624	Male
24PC1355_035	13.523	Female
24PC1356_036	16.618	Male
24PC1357_037	17.062	Female
24PC1358_038	18.693	Male
24PC1360_040	15.04	Male
24PC1361_041	26.659	Male
24PC1362_042	12.251	Female
24PC1363_043	31.446	Male
24PC1364_047	40.666	Male
24PC1365_048	10.599	Male
24PC1369_004	26.142	Male
24PC1370_005	20.587	Male
24PC1371_006	18.209	Female
24PC1372_007	22.38	Female
24PC1373_008	14.706	Female
24PC1374_009	11.707	Female
24PC1375_010	12.263	Male
24PC1377_012	18.709	Female
24PC1378_013	17.418	Female
24PC1380_015	12.266	Female
24PC1381_016	38.538	Male
24PC1382_017	12.234	Female
24PC1383_019	15.134	Female
24PC1384_020	17.6	Female
24PC1385_021	15.425	Female
24PC1387_023	18.932	Male
24PC1390_026	18.726	Male
24PC1392_028	12.019	Female
24PC1393_032	13.361	Male
24PC1394_033	18.631	Female
24PC1395_034	22.127	Male
24PC1397_036	13.824	Male
24PC1398_037	23.809	Male
24PC1400_039	15.855	Female
24PC1402_041	24.083	Male
24PC1403_042	19.149	Female
24PC1404_043	11.653	Male
24PC1405_044	16.788	Male
24PC1406_045	17.898	Male
24PC1407_046	18.67	Female
24PC1409_048	12.093	Female
24PC1411_002	14.274	Female
24PC1415_006	15.699	Female
24PC1417_008	13.024	Female
24PC1418_009	24.609	Male
24PC1419_010	31.403	Male
24PC1420_011	9.012	Female
24PC1421_012	20.278	Male
24PC1422_013	14.956	Female
24PC1423_014	20.918	Female
24PC1424_015	7.842	Female
24PC1426_017	12.83	Female
24PC1427_019	14.505	Female
24PC1429_021	13.967	Female
24PC1430_022	29.881	Male
24PC1431_023	18.704	Female
24PC1433_025	16.29	Female
24PC1434_026	14.797	Male
24PC1435_027	7.875	Male
24PC1436_028	12.251	Male
24PC1437_029	15.134	Female
24PC1438_030	19.46	Female
24PC1439_031	21.126	Female
24PC1440_032	18.542	Male
24PC1441_033	19.722	Male
24PC1442_034	12.188	Male
24PC1443_039	20.816	Female
24PC1444_040	10.488	Male
24PC1446_042	13.893	Female
24PC1447_043	15.295	Female
24PC1448_044	19.925	Male
24PC1449_045	26.812	Male
24PC1450_046	15.206	Male
24PC1451_047	18.774	Male
24PC1452_048	15.103	Female
24PC1453_001	21.857	Male
24PC1454_002	19.99	Male
24PC1455_003	12.378	Male
24PC1456_004	11.404	Male
24PC1458_006	33.794	Male
24PC1459_007	14.228	Male
24PC1460_008	16.816	Female
24PC1461_009	14.199	Female
24PC1462_010	18.053	Male
24PC1463_011	36.787	Male
24PC1464_012	12.899	Female
24PC1467_015	19.863	Female
24PC1468_016	31.183	Male
24PC1469_017	13.365	Female
24PC1470_019	16.676	Male
24PC1471_024	19.931	Male
24PC1472_025	14.354	Female
24PC1473_026	20.33	Male
24PC1474_027	12.983	Male
24PC1475_028	14.979	Female
24PC1476_029	22.633	Male
24PC1477_030	14.123	Male
24PC1478_031	12.711	Male
24PC1479_032	13.363	Female
24PC1480_033	22.72	Male
24PC1481_034	19.713	Female
24PC1482_035	28.367	Male
24PC1483_036	13.539	Female
24PC1484_037	23.872	Male
24PC1486_039	12.482	Male
24PC1487_040	16.411	Male
24PC1488_041	17.343	Female
24PC1489_042	15.409	Female
24PC1490_043	8.983	Female
24PC1491_044	22.585	Male
24PC1492_045	14.691	Female
24PC1493_046	13.237	Female
24PC1494_047	17.586	Female
24PC1495_048	19.593	Female
24PC1497_002	16.984	Female
24PC1498_003	14.388	Female
24PC1499_004	13.251	Male
24PC1500_015	10.4	Female
24PC1501_016	21.818	Male
24PC1502_017	18.101	Female
24PC1503_019	15.083	Female
24PC1504_020	18.12	Female
24PC1505_021	15.733	Female
24PC1507_023	31.717	Male
24PC1508_024	19.506	Male
24PC1509_025	20.853	Male
24PC1510_026	15.3	Female
24PC1511_027	12.153	Female
24PC1512_028	15.587	Male
24PC1514_030	14.634	Male
24PC1515_031	20.991	Male
24PC1517_033	18.113	Male
24PC1518_034	16.201	Female
24PC1519_035	12.498	Male
24PC1520_036	16.687	Female
24PC1523_039	14.431	Female
24PC1524_040	16.044	Male
24PC1525_044	13.753	Male
24PC1527_046	15.195	Female
24PC1528_047	11.561	Female
24PC1529_048	22.697	Male
24PC1530_001	27.268	Male
24PC1531_002	17.66	Male
24PC1534_005	14.661	Male
24PC1535_006	13.086	Male
24PC1536_007	20.056	Female
24PC1538_009	26.938	Male
24PC1539_010	15.974	Male
24PC1540_011	20.625	Female
24PC1541_012	17.819	Female
24PC1543_014	20.587	Female
24PC1544_015	23.385	Male
24PCP045_036	12.658	Male
24PCP062_031	17.767	Male
24PCP070_017	16.51	Female
24PCP075_028	8.413	Male
24PCP076_029	15.082	Female
24PCP077_030	19.014	Female
24PCP078_031	12.761	Female
24PCP079_032	13.663	Female
24PCP080_016	13.969	Female
24PCP081_003	17.673	Female
24PCP082_004	17.553	Male
24PCP083_005	23.067	Male
24PCP084_017	11.244	Male
24PCP085_019	16.198	Male
24PCP086_020	14.206	Female
24PCP087_043	10.03	Male
24PCP088_044	19.808	Male
24PCP089_045	23.176	Female
24PCP090_021	16.937	Female
24PCP091_022	14.253	Female
24PCP092_023	16.317	Male
24PCP093_024	16.868	Female
24PCP094_025	15.258	Female
24PCP095_026	9.679	Male
24PCP096_027	19.457	Female
24PCP097_046	18.829	Male
24PCP098_017	17.712	Male
24PCP099_019	10.931	Male
24PCP100_019	17.898	Female
24PCP101_021	25.878	Male
24PCP102_022	17.245	Female
24PCP103_003	21.261	Female
24PCP104_004	11.413	Male
24PCP105_005	12.084	Male
24PCP106_006	21.788	Male
24PCP107_007	21.041	Male
24PCP108_008	13.058	Female
24PCP109_045	26.01	Male
24PCP110_022	19.785	Male
24PCP111_023	22.971	Male
24PCP112_024	25.516	Male
24PCP113_046	24.788	Male
24PCP114_030	26.121	Male
24PCP115_031	23.985	Male
24PCP116_035	16.32	Female
24PCP118_037	10.521	Female
24PCP120_020	9.419	Male
24PCP121_021	14.656	Female
24PCP122_022	15.519	Female
24PCP123_023	12.375	Female
24PCP125_008	16.707	Female
24PCP128_010	15.377	Female
24PCP129_011	11.358	Male
24PCP130_012	10.399	Female
24PCP132_042	33.04	Male